{"dcg": [19.609172191517185, 14.786702123427533], "dcg@03": [9.170438869281256, 7.679005182453854], "dcg@05": [11.225297256282492, 8.691700144830312], "dcg@10": [14.242844029508937, 10.193670082874144], "dcg@20": [17.023090327776565, 12.004201092104177], "ndcg": [0.8494207229994764, 0.1397094837872142], "ndcg@03": [0.6842923782878869, 0.2817509021440901], "ndcg@05": [0.7089098682247207, 0.24673058126565361], "ndcg@10": [0.7572501848969517, 0.21101218041165634], "ndcg@20": [0.8040677573973467, 0.17456486636775703], "precision@01": [0.6334476003917727, 0.4818627791702506], "precision@03": [0.4351126346718903, 0.3151351193986645], "precision@05": [0.3512242899118512, 0.2553079407323427], "precision@10": [0.24449069539666993, 0.1823142935357243], "precision@20": [0.15809255631733593, 0.12703296962066374], "recall@01": [0.27469272097003833, 0.3321929719375097], "recall@03": [0.4748165619551248, 0.37600902388660257], "recall@05": [0.5915176691781182, 0.3723980686817278], "recall@10": [0.7508155995216271, 0.32578984383176907], "recall@20": [0.8910331683905219, 0.22446289254449164], "relevant rank": [11.682210056006545, 13.320604239743187], "relevant rank per query": [45.45592556317336, 89.90920856709808]}